{"cameraMode":{"drawMode":0,"name":"Shaded","section":"Shading Mode"},"sceneLighting":true,"audioPlay":false,"sceneViewState":{"showFog":false,"showMaterialUpdate":false,"showSkybox":true,"showFlares":false,"showImageEffects":false,"showParticleSystems":true},"in2DMode":false,"pivot":{"x":47.994327545166019,"y":-20.609127044677736,"z":19.060028076171876},"rotation":{"x":0.09450896084308624,"y":0.8720144629478455,"z":-0.1861458569765091,"w":0.44273555278778078},"size":138.00067138671876,"orthographic":false}